{
  "eft": "SMEFT",
  "basis": "Warsaw",
  "scale": 1000.0,
  "values": {
    "lq1_1111": -2.7482803926361094e-13,
    "lq1_1112": 3.6254507971177725e-12,
    "lq1_1122": -4.782588238645645e-11,
    "lq1_1113": 4.835161125979856e-12,
    "lq1_1123": -6.3784025841564e-11,
    "lq1_1133": -8.506695014391235e-11,
    "lq1_1211": 1.6608694585857026e-16,
    "lq1_1221": -2.1909702222059156e-15,
    "lq1_1231": -2.9220349797634705e-15,
    "lq1_1212": -2.1909702222059156e-15,
    "lq1_1222": 2.890263584400385e-14,
    "lq1_1232": 3.854662746557739e-14,
    "lq1_1213": -2.9220349797634705e-15,
    "lq1_1223": 3.854662746557739e-14,
    "lq1_1233": 5.140854616131e-14,
    "lq1_2212": 1.3240699662533857e-18,
    "lq1_2222": -1.7466742212531723e-17,
    "lq1_2213": 1.7658746421260168e-18,
    "lq1_2223": -2.3294899770998392e-17,
    "lq1_2233": -3.1067748566846574e-17,
    "lq1_1311": -8.65760481889962e-12,
    "lq1_1321": 1.1420858066706819e-10,
    "lq1_1331": 1.5231675187365776e-10,
    "lq1_1312": 1.1420858066706819e-10,
    "lq1_1322": -1.5066060614723299e-09,
    "lq1_1332": -2.009317866453445e-09,
    "lq1_1313": 1.5231675187365776e-10,
    "lq1_1323": -2.009317866453445e-09,
    "lq1_1333": -2.6797703737521933e-09,
    "lq1_2311": 5.232054002474804e-15,
    "lq1_2321": -6.901972012994333e-14,
    "lq1_2331": -9.204964744346255e-14,
    "lq1_2312": -6.901972012994333e-14,
    "lq1_2322": 9.10487881922172e-13,
    "lq1_2332": 1.2142919208407646e-12,
    "lq1_2313": -9.204964744346255e-14,
    "lq1_2323": 1.2142919208407646e-12,
    "lq1_2333": 1.6194667697347718e-12,
    "lq1_3311": -2.7273098262124207e-10,
    "lq1_3312": 3.597787041643445e-09,
    "lq1_3322": -4.74609502470561e-08,
    "lq1_3313": 4.7982667582023585e-09,
    "lq1_3323": -6.32973261750144e-08,
    "lq1_3333": -8.441785257248788e-08,
    "lq3_1111": -2.7482803926361094e-13,
    "lq3_1112": 3.6254507971177725e-12,
    "lq3_1122": -4.782588238645645e-11,
    "lq3_1113": 4.835161125979856e-12,
    "lq3_1123": -6.3784025841564e-11,
    "lq3_1133": -8.506695014391235e-11,
    "lq3_1211": 1.6608694585857026e-16,
    "lq3_1221": -2.1909702222059156e-15,
    "lq3_1231": -2.9220349797634705e-15,
    "lq3_1212": -2.1909702222059156e-15,
    "lq3_1222": 2.890263584400385e-14,
    "lq3_1232": 3.854662746557739e-14,
    "lq3_1213": -2.9220349797634705e-15,
    "lq3_1223": 3.854662746557739e-14,
    "lq3_1233": 5.140854616131e-14,
    "lq3_2212": 1.3240699662533857e-18,
    "lq3_2222": -1.7466742212531723e-17,
    "lq3_2213": 1.7658746421260168e-18,
    "lq3_2223": -2.3294899770998392e-17,
    "lq3_2233": -3.1067748566846574e-17,
    "lq3_1311": -8.65760481889962e-12,
    "lq3_1321": 1.1420858066706819e-10,
    "lq3_1331": 1.5231675187365776e-10,
    "lq3_1312": 1.1420858066706819e-10,
    "lq3_1322": -1.5066060614723299e-09,
    "lq3_1332": -2.009317866453445e-09,
    "lq3_1313": 1.5231675187365776e-10,
    "lq3_1323": -2.009317866453445e-09,
    "lq3_1333": -2.6797703737521933e-09,
    "lq3_2311": 5.232054002474804e-15,
    "lq3_2321": -6.901972012994333e-14,
    "lq3_2331": -9.204964744346255e-14,
    "lq3_2312": -6.901972012994333e-14,
    "lq3_2322": 9.10487881922172e-13,
    "lq3_2332": 1.2142919208407646e-12,
    "lq3_2313": -9.204964744346255e-14,
    "lq3_2323": 1.2142919208407646e-12,
    "lq3_2333": 1.6194667697347718e-12,
    "lq3_3311": -2.7273098262124207e-10,
    "lq3_3312": 3.597787041643445e-09,
    "lq3_3322": -4.74609502470561e-08,
    "lq3_3313": 4.7982667582023585e-09,
    "lq3_3323": -6.32973261750144e-08,
    "lq3_3333": -8.441785257248788e-08
  }
}